{
	"info": {
		"_postman_id": "4cf9d29c-4e32-41e1-9d46-ffa32b0c96f1",
		"name": "DatingApp",
		"schema": "https://schema.getpostman.com/json/collection/v2.1.0/collection.json"
	},
	"item": [
		{
			"name": "Section 2",
			"item": [
				{
					"name": "Get WeatherForecast",
					"request": {
						"method": "GET",
						"header": [],
						"url": {
							"raw": "https://localhost:5001/weatherforecast",
							"protocol": "https",
							"host": [
								"localhost"
							],
							"port": "5001",
							"path": [
								"weatherforecast"
							]
						}
					},
					"response": []
				},
				{
					"name": "Get Users",
					"request": {
						"method": "GET",
						"header": [],
						"url": {
							"raw": "https://localhost:5001/api/users",
							"protocol": "https",
							"host": [
								"localhost"
							],
							"port": "5001",
							"path": [
								"api",
								"users"
							]
						}
					},
					"response": []
				},
				{
					"name": "Get User",
					"request": {
						"method": "GET",
						"header": [],
						"url": {
							"raw": "https://localhost:5001/api/users/1",
							"protocol": "https",
							"host": [
								"localhost"
							],
							"port": "5001",
							"path": [
								"api",
								"users",
								"1"
							]
						}
					},
					"response": []
				}
			],
			"protocolProfileBehavior": {}
		},
		{
			"name": "Section 4",
			"item": [
				{
					"name": "Register user",
					"request": {
						"method": "POST",
						"header": [],
						"body": {
							"mode": "raw",
							"raw": "{\n\t\"username\": \"dave\",\n\t\"password\": \"password\"\n}",
							"options": {
								"raw": {
									"language": "json"
								}
							}
						},
						"url": {
							"raw": "{{url}}/api/account/register",
							"host": [
								"{{url}}"
							],
							"path": [
								"api",
								"account",
								"register"
							]
						}
					},
					"response": []
				},
				{
					"name": "Register user query string",
					"request": {
						"method": "POST",
						"header": [],
						"body": {
							"mode": "raw",
							"raw": "",
							"options": {
								"raw": {
									"language": "json"
								}
							}
						},
						"url": {
							"raw": "{{url}}/api/account/register?username=sam&password=password",
							"host": [
								"{{url}}"
							],
							"path": [
								"api",
								"account",
								"register"
							],
							"query": [
								{
									"key": "username",
									"value": "sam"
								},
								{
									"key": "password",
									"value": "password"
								}
							]
						}
					},
					"response": []
				},
				{
					"name": "Register user blank fields",
					"request": {
						"method": "POST",
						"header": [],
						"body": {
							"mode": "raw",
							"raw": "{\n\t\"username\": \"\",\n\t\"password\": \"\"\n}",
							"options": {
								"raw": {
									"language": "json"
								}
							}
						},
						"url": {
							"raw": "{{url}}/api/account/register",
							"host": [
								"{{url}}"
							],
							"path": [
								"api",
								"account",
								"register"
							]
						}
					},
					"response": []
				},
				{
					"name": "Login as bob",
					"request": {
						"method": "POST",
						"header": [],
						"body": {
							"mode": "raw",
							"raw": "{\n\t\"username\": \"Bob\",\n\t\"password\": \"password\"\n}",
							"options": {
								"raw": {
									"language": "json"
								}
							}
						},
						"url": {
							"raw": "{{url}}/api/account/login",
							"host": [
								"{{url}}"
							],
							"path": [
								"api",
								"account",
								"login"
							]
						}
					},
					"response": []
				},
				{
					"name": "Get Users",
					"request": {
						"method": "GET",
						"header": [],
						"url": {
							"raw": "https://localhost:5001/api/users",
							"protocol": "https",
							"host": [
								"localhost"
							],
							"port": "5001",
							"path": [
								"api",
								"users"
							]
						}
					},
					"response": []
				},
				{
					"name": "Get User",
					"request": {
						"method": "GET",
						"header": [
							{
								"key": "Authorization",
								"value": "Bearer eyJhbGciOiJIUzUxMiIsInR5cCI6IkpXVCJ9.eyJuYW1laWQiOiJib2IiLCJuYmYiOjE1OTk0ODY0OTQsImV4cCI6MTYwMDA5MTI5NCwiaWF0IjoxNTk5NDg2NDk0fQ.JhwfZS5J4S-BGaExplNu16oXjtwWb5Qd_SGu58rHi4jJJ34bdCA6THUX1FnBcpSwgIxxtgiiu_0BCh7bPiR9ZQ",
								"type": "text"
							}
						],
						"url": {
							"raw": "https://localhost:5001/api/users/1",
							"protocol": "https",
							"host": [
								"localhost"
							],
							"port": "5001",
							"path": [
								"api",
								"users",
								"1"
							]
						}
					},
					"response": []
				},
				{
					"name": "Get User With Bearer token",
					"request": {
						"method": "GET",
						"header": [
							{
								"key": "Authorization",
								"type": "text",
								"value": "Bearer eyJhbGciOiJIUzUxMiIsInR5cCI6IkpXVCJ9.eyJuYW1laWQiOiJib2IiLCJuYmYiOjE1OTYwMDQ0MjgsImV4cCI6MTU5NjYwOTIyOCwiaWF0IjoxNTk2MDA0NDI4fQ.ME7hXoP08puzMF8e0Fwf27mYbSV4LD8qL7bFeop1QwsdQWNoJGSF8XDZ0EsMFwfc4aMA78zXd8MydocEtKSP2w"
							}
						],
						"url": {
							"raw": "https://localhost:5001/api/users/1",
							"protocol": "https",
							"host": [
								"localhost"
							],
							"port": "5001",
							"path": [
								"api",
								"users",
								"1"
							]
						}
					},
					"response": []
				}
			],
			"protocolProfileBehavior": {}
		},
		{
			"name": "Section 7",
			"item": [
				{
					"name": "Get Null Ref Error",
					"request": {
						"method": "GET",
						"header": [],
						"url": {
							"raw": "{{url}}/api/buggy/server-error",
							"host": [
								"{{url}}"
							],
							"path": [
								"api",
								"buggy",
								"server-error"
							]
						}
					},
					"response": []
				},
				{
					"name": "Get Auth Error",
					"request": {
						"method": "GET",
						"header": [],
						"url": {
							"raw": "{{url}}/api/buggy/auth",
							"host": [
								"{{url}}"
							],
							"path": [
								"api",
								"buggy",
								"auth"
							]
						}
					},
					"response": []
				},
				{
					"name": "Get Not Found error",
					"request": {
						"method": "GET",
						"header": [],
						"url": {
							"raw": "{{url}}/api/buggy/not-found",
							"host": [
								"{{url}}"
							],
							"path": [
								"api",
								"buggy",
								"not-found"
							]
						}
					},
					"response": []
				},
				{
					"name": "Get Bad Request",
					"request": {
						"method": "GET",
						"header": [],
						"url": {
							"raw": "{{url}}/api/buggy/bad-request",
							"host": [
								"{{url}}"
							],
							"path": [
								"api",
								"buggy",
								"bad-request"
							]
						}
					},
					"response": []
				},
				{
					"name": "Get Validation Error",
					"request": {
						"method": "POST",
						"header": [],
						"body": {
							"mode": "raw",
							"raw": "{}",
							"options": {
								"raw": {
									"language": "json"
								}
							}
						},
						"url": {
							"raw": "{{url}}/api/account/register",
							"host": [
								"{{url}}"
							],
							"path": [
								"api",
								"account",
								"register"
							]
						}
					},
					"response": []
				}
			],
			"protocolProfileBehavior": {}
		},
		{
			"name": "Section 8",
			"item": [
				{
					"name": "Login as lisa and save token to env",
					"event": [
						{
							"listen": "test",
							"script": {
								"id": "1f88cf95-8054-4c1b-88db-b3772b332c2e",
								"exec": [
									"const user = pm.response.json();",
									"",
									"pm.test(\"Has properties\", function () {",
									"    pm.expect(user).to.have.property('username');",
									"    pm.expect(user).to.have.property('token');",
									"});",
									"",
									"if (pm.test(\"Has properties\")) {",
									"    pm.globals.set('token', user.token);",
									"}"
								],
								"type": "text/javascript"
							}
						}
					],
					"request": {
						"method": "POST",
						"header": [],
						"body": {
							"mode": "raw",
							"raw": "{\n\t\"username\": \"lisa\",\n\t\"password\": \"Pa$$w0rd\"\n}",
							"options": {
								"raw": {
									"language": "json"
								}
							}
						},
						"url": {
							"raw": "{{url}}/api/account/login",
							"host": [
								"{{url}}"
							],
							"path": [
								"api",
								"account",
								"login"
							]
						}
					},
					"response": []
				},
				{
					"name": "Get Users",
					"request": {
						"method": "GET",
						"header": [
							{
								"key": "Authorization",
								"value": "Bearer {{token}}",
								"type": "text"
							}
						],
						"url": {
							"raw": "https://localhost:5001/api/users",
							"protocol": "https",
							"host": [
								"localhost"
							],
							"port": "5001",
							"path": [
								"api",
								"users"
							]
						}
					},
					"response": []
				},
				{
					"name": "Get User by username",
					"request": {
						"method": "GET",
						"header": [
							{
								"key": "Authorization",
								"type": "text",
								"value": "Bearer {{token}}"
							}
						],
						"url": {
							"raw": "https://localhost:5001/api/users/lisa",
							"protocol": "https",
							"host": [
								"localhost"
							],
							"port": "5001",
							"path": [
								"api",
								"users",
								"lisa"
							]
						}
					},
					"response": []
				}
			],
			"protocolProfileBehavior": {}
		},
		{
			"name": "Section 9",
			"item": [
				{
					"name": "Login as lisa and save token to env",
					"event": [
						{
							"listen": "test",
							"script": {
								"id": "77ea7406-722c-44bd-8328-fd8c818d385d",
								"exec": [
									"const user = pm.response.json();",
									"",
									"pm.test(\"Has properties\", function () {",
									"    pm.expect(user).to.have.property('username');",
									"    pm.expect(user).to.have.property('token');",
									"});",
									"",
									"if (pm.test(\"Has properties\")) {",
									"    pm.globals.set('token', user.token);",
									"}"
								],
								"type": "text/javascript"
							}
						}
					],
					"request": {
						"method": "POST",
						"header": [],
						"body": {
							"mode": "raw",
							"raw": "{\n\t\"username\": \"lisa\",\n\t\"password\": \"Pa$$w0rd\"\n}",
							"options": {
								"raw": {
									"language": "json"
								}
							}
						},
						"url": {
							"raw": "{{url}}/api/account/login",
							"host": [
								"{{url}}"
							],
							"path": [
								"api",
								"account",
								"login"
							]
						}
					},
					"response": []
				},
				{
					"name": "Update user",
					"request": {
						"method": "PUT",
						"header": [
							{
								"key": "Authorization",
								"value": "Bearer {{token}}",
								"type": "text"
							}
						],
						"body": {
							"mode": "raw",
							"raw": "{\n\t\"introduction\": \"Updated intro\",\n\t\"lookingFor\": \"Updated lookingFor\",\n\t\"interests\": \"Updated interests\",\n\t\"city\": \"Updated city\",\n\t\"country\": \"Updated country\"\n}",
							"options": {
								"raw": {
									"language": "json"
								}
							}
						},
						"url": {
							"raw": "{{url}}/api/users",
							"host": [
								"{{url}}"
							],
							"path": [
								"api",
								"users"
							]
						}
					},
					"response": []
				}
			],
			"protocolProfileBehavior": {}
		},
		{
			"name": "Section 11",
			"item": [
				{
					"name": "Login as lisa and save token to env",
					"event": [
						{
							"listen": "test",
							"script": {
								"id": "a4523a4f-aa3e-4dc3-b447-b84615ae3e9a",
								"exec": [
									"const user = pm.response.json();",
									"",
									"pm.test(\"Has properties\", function () {",
									"    pm.expect(user).to.have.property('username');",
									"    pm.expect(user).to.have.property('token');",
									"});",
									"",
									"if (pm.test(\"Has properties\")) {",
									"    pm.globals.set('token', user.token);",
									"}"
								],
								"type": "text/javascript"
							}
						}
					],
					"request": {
						"method": "POST",
						"header": [],
						"body": {
							"mode": "raw",
							"raw": "{\n\t\"username\": \"lisa\",\n\t\"password\": \"Pa$$w0rd\"\n}",
							"options": {
								"raw": {
									"language": "json"
								}
							}
						},
						"url": {
							"raw": "{{url}}/api/account/login",
							"host": [
								"{{url}}"
							],
							"path": [
								"api",
								"account",
								"login"
							]
						}
					},
					"response": []
				},
				{
					"name": "Add photo for user",
					"request": {
						"method": "POST",
						"header": [
							{
								"key": "Authorization",
								"type": "text",
								"value": "Bearer {{token}}"
							}
						],
						"body": {
							"mode": "formdata",
							"formdata": [
								{
									"key": "File",
									"type": "file",
									"src": "/Users/neil/Desktop/APIPhotos/wonder3.jpg"
								}
							],
							"options": {
								"formdata": {}
							}
						},
						"url": {
							"raw": "{{url}}/api/users/add-photo",
							"host": [
								"{{url}}"
							],
							"path": [
								"api",
								"users",
								"add-photo"
							]
						}
					},
					"response": []
				},
				{
					"name": "Get User by username",
					"request": {
						"method": "GET",
						"header": [
							{
								"key": "Authorization",
								"type": "text",
								"value": "Bearer {{token}}"
							}
						],
						"url": {
							"raw": "{{url}}/api/users/lisa",
							"host": [
								"{{url}}"
							],
							"path": [
								"api",
								"users",
								"lisa"
							]
						}
					},
					"response": []
				},
				{
					"name": "Set Main Photo",
					"request": {
						"method": "PUT",
						"header": [
							{
								"key": "Authorization",
								"type": "text",
								"value": "Bearer {{token}}"
							}
						],
						"url": {
							"raw": "https://localhost:5001/api/users/set-main-photo/11",
							"protocol": "https",
							"host": [
								"localhost"
							],
							"port": "5001",
							"path": [
								"api",
								"users",
								"set-main-photo",
								"11"
							]
						}
					},
					"response": []
				},
				{
					"name": "Delete Photo",
					"request": {
						"method": "DELETE",
						"header": [
							{
								"key": "Authorization",
								"type": "text",
								"value": "Bearer {{token}}"
							}
						],
						"url": {
							"raw": "https://localhost:5001/api/users/delete-photo/11",
							"protocol": "https",
							"host": [
								"localhost"
							],
							"port": "5001",
							"path": [
								"api",
								"users",
								"delete-photo",
								"11"
							]
						}
					},
					"response": []
				}
			],
			"protocolProfileBehavior": {}
		},
		{
			"name": "Section 12",
			"item": [
				{
					"name": "Register User",
					"event": [
						{
							"listen": "test",
							"script": {
								"id": "16d4f734-a342-4a8f-9c8a-88752d7c3498",
								"exec": [
									"const user = pm.response.json();",
									"",
									"pm.test(\"Has properties\", function () {",
									"    pm.expect(user).to.have.property('username');",
									"    pm.expect(user).to.have.property('token');",
									"});",
									"",
									"if (pm.test(\"Has properties\")) {",
									"    pm.globals.set('token', user.token);",
									"}"
								],
								"type": "text/javascript"
							}
						}
					],
					"request": {
						"method": "POST",
						"header": [],
						"body": {
							"mode": "raw",
							"raw": "{\n    \"gender\": \"male\",\n    \"username\": \"bob\",\n    \"knownAs\": \"Bob\",\n    \"dateOfBirth\": \"1985-01-23\",\n    \"city\": \"London\",\n    \"country\": \"UK\",\n    \"password\": \"Pa$$w0rd\"\n}",
							"options": {
								"raw": {
									"language": "json"
								}
							}
						},
						"url": {
							"raw": "{{url}}/api/account/register",
							"host": [
								"{{url}}"
							],
							"path": [
								"api",
								"account",
								"register"
							]
						}
					},
					"response": []
				},
				{
					"name": "Get User by username",
					"request": {
						"method": "GET",
						"header": [
							{
								"key": "Authorization",
								"type": "text",
								"value": "Bearer {{token}}"
							}
						],
						"url": {
							"raw": "{{url}}/api/users/lisa",
							"host": [
								"{{url}}"
							],
							"path": [
								"api",
								"users",
								"lisa"
							]
						}
					},
					"response": []
				}
			],
			"protocolProfileBehavior": {}
		},
		{
			"name": "Section 13",
			"item": [
				{
					"name": "Login as lisa and save token to env",
					"event": [
						{
							"listen": "test",
							"script": {
								"id": "5e265ea8-5b8e-4b11-9b64-963a1a136da3",
								"exec": [
									"const user = pm.response.json();",
									"",
									"pm.test(\"Has properties\", function () {",
									"    pm.expect(user).to.have.property('username');",
									"    pm.expect(user).to.have.property('token');",
									"});",
									"",
									"if (pm.test(\"Has properties\")) {",
									"    pm.globals.set('token', user.token);",
									"}"
								],
								"type": "text/javascript"
							}
						}
					],
					"request": {
						"method": "POST",
						"header": [],
						"body": {
							"mode": "raw",
							"raw": "{\n\t\"username\": \"lisa\",\n\t\"password\": \"Pa$$w0rd\"\n}",
							"options": {
								"raw": {
									"language": "json"
								}
							}
						},
						"url": {
							"raw": "{{url}}/api/account/login",
							"host": [
								"{{url}}"
							],
							"path": [
								"api",
								"account",
								"login"
							]
						}
					},
					"response": []
				},
				{
					"name": "Get Users No QS",
					"request": {
						"method": "GET",
						"header": [
							{
								"key": "Authorization",
								"value": "Bearer {{token}}",
								"type": "text"
							}
						],
						"url": {
							"raw": "{{url}}/api/users",
							"host": [
								"{{url}}"
							],
							"path": [
								"api",
								"users"
							]
						}
					},
					"response": []
				},
				{
					"name": "Get Users with pagination",
					"request": {
						"method": "GET",
						"header": [
							{
								"key": "Authorization",
								"value": "Bearer {{token}}",
								"type": "text"
							}
						],
						"url": {
							"raw": "{{url}}/api/users?pageNumber=3&pageSize=5",
							"host": [
								"{{url}}"
							],
							"path": [
								"api",
								"users"
							],
							"query": [
								{
									"key": "pageNumber",
									"value": "3"
								},
								{
									"key": "pageSize",
									"value": "5"
								}
							]
						}
					},
					"response": []
				},
				{
					"name": "Get Users with gender",
					"request": {
						"method": "GET",
						"header": [
							{
								"key": "Authorization",
								"type": "text",
								"value": "Bearer {{token}}"
							}
						],
						"url": {
							"raw": "{{url}}/api/users?gender=female",
							"host": [
								"{{url}}"
							],
							"path": [
								"api",
								"users"
							],
							"query": [
								{
									"key": "gender",
									"value": "female"
								}
							]
						}
					},
					"response": []
				},
				{
					"name": "Get Users with minAge 25",
					"request": {
						"method": "GET",
						"header": [
							{
								"key": "Authorization",
								"type": "text",
								"value": "Bearer {{token}}"
							}
						],
						"url": {
							"raw": "{{url}}/api/users?minAge=43",
							"host": [
								"{{url}}"
							],
							"path": [
								"api",
								"users"
							],
							"query": [
								{
									"key": "minAge",
									"value": "43"
								}
							]
						}
					},
					"response": []
				},
				{
					"name": "Get Users with maxAge 40",
					"request": {
						"method": "GET",
						"header": [
							{
								"key": "Authorization",
								"type": "text",
								"value": "Bearer {{token}}"
							}
						],
						"url": {
							"raw": "{{url}}/api/users?maxAge=52",
							"host": [
								"{{url}}"
							],
							"path": [
								"api",
								"users"
							],
							"query": [
								{
									"key": "maxAge",
									"value": "52"
								}
							]
						}
					},
					"response": []
				},
				{
					"name": "Get Users in 20s",
					"request": {
						"method": "GET",
						"header": [
							{
								"key": "Authorization",
								"type": "text",
								"value": "Bearer {{token}}"
							}
						],
						"url": {
							"raw": "{{url}}/api/users?minAge=20&maxAge=29",
							"host": [
								"{{url}}"
							],
							"path": [
								"api",
								"users"
							],
							"query": [
								{
									"key": "minAge",
									"value": "20"
								},
								{
									"key": "maxAge",
									"value": "29"
								}
							]
						}
					},
					"response": []
				},
				{
					"name": "Get Users orderedby Created",
					"request": {
						"method": "GET",
						"header": [
							{
								"key": "Authorization",
								"type": "text",
								"value": "Bearer {{token}}"
							}
						],
						"url": {
							"raw": "{{url}}/api/users?orderBy=created&gender=male",
							"host": [
								"{{url}}"
							],
							"path": [
								"api",
								"users"
							],
							"query": [
								{
									"key": "orderBy",
									"value": "created"
								},
								{
									"key": "gender",
									"value": "male"
								}
							]
						}
					},
					"response": []
				},
				{
					"name": "Get Users orderedby lastActive",
					"request": {
						"method": "GET",
						"header": [
							{
								"key": "Authorization",
								"type": "text",
								"value": "Bearer {{token}}"
							}
						],
						"url": {
							"raw": "{{url}}/api/users?orderBy=lastActive&gender=male",
							"host": [
								"{{url}}"
							],
							"path": [
								"api",
								"users"
							],
							"query": [
								{
									"key": "orderBy",
									"value": "lastActive"
								},
								{
									"key": "gender",
									"value": "male"
								}
							]
						}
					},
					"response": []
				}
			],
			"protocolProfileBehavior": {}
		},
		{
			"name": "Section 14",
			"item": [
				{
					"name": "Login as lisa and save token to env",
					"event": [
						{
							"listen": "test",
							"script": {
								"id": "f215e4a0-b5b7-4736-915d-c8cd00b3190e",
								"exec": [
									"const user = pm.response.json();",
									"",
									"pm.test(\"Has properties\", function () {",
									"    pm.expect(user).to.have.property('username');",
									"    pm.expect(user).to.have.property('token');",
									"});",
									"",
									"if (pm.test(\"Has properties\")) {",
									"    pm.globals.set('token', user.token);",
									"}"
								],
								"type": "text/javascript"
							}
						}
					],
					"request": {
						"method": "POST",
						"header": [],
						"body": {
							"mode": "raw",
							"raw": "{\n\t\"username\": \"lisa\",\n\t\"password\": \"Pa$$w0rd\"\n}",
							"options": {
								"raw": {
									"language": "json"
								}
							}
						},
						"url": {
							"raw": "{{url}}/api/account/login",
							"host": [
								"{{url}}"
							],
							"path": [
								"api",
								"account",
								"login"
							]
						}
					},
					"response": []
				},
				{
					"name": "Add like for todd from lola",
					"event": [
						{
							"listen": "test",
							"script": {
								"id": "a82de279-a82e-42d1-b486-f462b62f15b7",
								"exec": [
									""
								],
								"type": "text/javascript"
							}
						}
					],
					"request": {
						"method": "POST",
						"header": [
							{
								"key": "Authorization",
								"type": "text",
								"value": "Bearer {{token}}"
							}
						],
						"body": {
							"mode": "raw",
							"raw": "{}",
							"options": {
								"raw": {
									"language": "json"
								}
							}
						},
						"url": {
							"raw": "{{url}}/api/likes/todd",
							"host": [
								"{{url}}"
							],
							"path": [
								"api",
								"likes",
								"todd"
							]
						}
					},
					"response": []
				},
				{
					"name": "Get Liked Users",
					"request": {
						"method": "GET",
						"header": [
							{
								"key": "Authorization",
								"type": "text",
								"value": "Bearer {{token}}"
							}
						],
						"url": {
							"raw": "{{url}}/api/likes",
							"host": [
								"{{url}}"
							],
							"path": [
								"api",
								"likes"
							]
						}
					},
					"response": []
				},
				{
					"name": "Get Liked Users Liked by",
					"request": {
						"method": "GET",
						"header": [
							{
								"key": "Authorization",
								"type": "text",
								"value": "Bearer {{token}}"
							}
						],
						"url": {
							"raw": "{{url}}/api/likes?predicate=likedBy",
							"host": [
								"{{url}}"
							],
							"path": [
								"api",
								"likes"
							],
							"query": [
								{
									"key": "predicate",
									"value": "likedBy"
								}
							]
						}
					},
					"response": []
				}
			],
			"protocolProfileBehavior": {}
		},
		{
			"name": "Section 15",
			"item": [
				{
					"name": "Login as lisa and save token to env",
					"event": [
						{
							"listen": "test",
							"script": {
								"id": "14f20d5b-9d57-4736-a7a6-e17da2ee2a0c",
								"exec": [
									"const user = pm.response.json();",
									"",
									"pm.test(\"Has properties\", function () {",
									"    pm.expect(user).to.have.property('username');",
									"    pm.expect(user).to.have.property('token');",
									"});",
									"",
									"if (pm.test(\"Has properties\")) {",
									"    pm.globals.set('token', user.token);",
									"}"
								],
								"type": "text/javascript"
							}
						}
					],
					"request": {
						"method": "POST",
						"header": [],
						"body": {
							"mode": "raw",
							"raw": "{\n\t\"username\": \"lisa\",\n\t\"password\": \"Pa$$w0rd\"\n}",
							"options": {
								"raw": {
									"language": "json"
								}
							}
						},
						"url": {
							"raw": "{{url}}/api/account/login",
							"host": [
								"{{url}}"
							],
							"path": [
								"api",
								"account",
								"login"
							]
						}
					},
					"response": []
				},
				{
					"name": "Create Message From Lisa to Todd",
					"request": {
						"method": "POST",
						"header": [
							{
								"key": "Authorization",
								"type": "text",
								"value": "Bearer {{token}}"
							}
						],
						"body": {
							"mode": "raw",
							"raw": "{\n    \"recipientUsername\": \"todd\",\n    \"content\": \"Test message 1 from Lola to Todd\"\n}",
							"options": {
								"raw": {
									"language": "json"
								}
							}
						},
						"url": {
							"raw": "{{url}}/api/messages",
							"host": [
								"{{url}}"
							],
							"path": [
								"api",
								"messages"
							]
						}
					},
					"response": []
				},
				{
					"name": "Login as Todd and save token to env",
					"event": [
						{
							"listen": "test",
							"script": {
								"id": "500ba922-c44f-4f18-90d8-4b1c169d7fcd",
								"exec": [
									"const user = pm.response.json();",
									"",
									"pm.test(\"Has properties\", function () {",
									"    pm.expect(user).to.have.property('username');",
									"    pm.expect(user).to.have.property('todd_token');",
									"});",
									"",
									"if (pm.test(\"Has properties\")) {",
									"    pm.globals.set('todd_token', user.token);",
									"}"
								],
								"type": "text/javascript"
							}
						}
					],
					"request": {
						"method": "POST",
						"header": [],
						"body": {
							"mode": "raw",
							"raw": "{\n\t\"username\": \"todd\",\n\t\"password\": \"Pa$$w0rd\"\n}",
							"options": {
								"raw": {
									"language": "json"
								}
							}
						},
						"url": {
							"raw": "{{url}}/api/account/login",
							"host": [
								"{{url}}"
							],
							"path": [
								"api",
								"account",
								"login"
							]
						}
					},
					"response": []
				},
				{
					"name": "Create Message From Todd to Lisa",
					"request": {
						"method": "POST",
						"header": [
							{
								"key": "Authorization",
								"type": "text",
								"value": "Bearer {{todd_token}}"
							}
						],
						"body": {
							"mode": "raw",
							"raw": "{\n    \"recipientUsername\": \"lisa\",\n    \"content\": \"Test message from Todd to Lisa\"\n}",
							"options": {
								"raw": {
									"language": "json"
								}
							}
						},
						"url": {
							"raw": "{{url}}/api/messages",
							"host": [
								"{{url}}"
							],
							"path": [
								"api",
								"messages"
							]
						}
					},
					"response": []
				},
				{
					"name": "Get Default Messages for Lisa",
					"request": {
						"method": "GET",
						"header": [
							{
								"key": "Authorization",
								"type": "text",
								"value": "Bearer {{token}}"
							}
						],
						"url": {
							"raw": "{{url}}/api/messages",
							"host": [
								"{{url}}"
							],
							"path": [
								"api",
								"messages"
							]
						}
					},
					"response": []
				},
				{
					"name": "Get Default Messages for Todd",
					"request": {
						"method": "GET",
						"header": [
							{
								"key": "Authorization",
								"type": "text",
								"value": "Bearer {{todd_token}}"
							}
						],
						"url": {
							"raw": "{{url}}/api/messages",
							"host": [
								"{{url}}"
							],
							"path": [
								"api",
								"messages"
							]
						}
					},
					"response": []
				},
				{
					"name": "Get Outbox Messages for Lisa",
					"request": {
						"method": "GET",
						"header": [
							{
								"key": "Authorization",
								"type": "text",
								"value": "Bearer {{token}}"
							}
						],
						"url": {
							"raw": "{{url}}/api/messages?container=Outbox",
							"host": [
								"{{url}}"
							],
							"path": [
								"api",
								"messages"
							],
							"query": [
								{
									"key": "container",
									"value": "Outbox"
								}
							]
						}
					},
					"response": []
				},
				{
					"name": "Get Outbox Messages for Todd",
					"request": {
						"method": "GET",
						"header": [
							{
								"key": "Authorization",
								"type": "text",
								"value": "Bearer {{todd_token}}"
							}
						],
						"url": {
							"raw": "{{url}}/api/messages?container=Outbox",
							"host": [
								"{{url}}"
							],
							"path": [
								"api",
								"messages"
							],
							"query": [
								{
									"key": "container",
									"value": "Outbox"
								}
							]
						}
					},
					"response": []
				},
				{
					"name": "Get Message thread Lisa and Todd",
					"request": {
						"method": "GET",
						"header": [
							{
								"key": "Authorization",
								"type": "text",
								"value": "Bearer {{todd_token}}"
							}
						],
						"url": {
							"raw": "{{url}}/api/messages/thread/margo",
							"host": [
								"{{url}}"
							],
							"path": [
								"api",
								"messages",
								"thread",
								"margo"
							]
						}
					},
					"response": []
				}
			],
			"protocolProfileBehavior": {}
		},
		{
			"name": "Section 16",
			"item": [
				{
					"name": "Login as lisa and save token to env",
					"event": [
						{
							"listen": "test",
							"script": {
								"id": "39a5e93e-5eb1-4a8c-ac3e-b06f394f1b83",
								"exec": [
									"const user = pm.response.json();",
									"",
									"pm.test(\"Has properties\", function () {",
									"    pm.expect(user).to.have.property('username');",
									"    pm.expect(user).to.have.property('token');",
									"});",
									"",
									"if (pm.test(\"Has properties\")) {",
									"    pm.globals.set('token', user.token);",
									"}"
								],
								"type": "text/javascript"
							}
						}
					],
					"request": {
						"method": "POST",
						"header": [],
						"body": {
							"mode": "raw",
							"raw": "{\n\t\"username\": \"lisa\",\n\t\"password\": \"Pa$$w0rd\"\n}",
							"options": {
								"raw": {
									"language": "json"
								}
							}
						},
						"url": {
							"raw": "{{url}}/api/account/login",
							"host": [
								"{{url}}"
							],
							"path": [
								"api",
								"account",
								"login"
							]
						}
					},
					"response": []
				},
				{
					"name": "Register User Bob and save token to env",
					"event": [
						{
							"listen": "test",
							"script": {
								"id": "c14a7ff6-6081-4611-93af-2cc6e6532013",
								"exec": [
									"const user = pm.response.json();",
									"",
									"pm.test(\"Has properties\", function () {",
									"    pm.expect(user).to.have.property('username');",
									"    pm.expect(user).to.have.property('token');",
									"});",
									"",
									"if (pm.test(\"Has properties\")) {",
									"    pm.globals.set('bob_token', user.token);",
									"}"
								],
								"type": "text/javascript"
							}
						}
					],
					"request": {
						"method": "POST",
						"header": [],
						"body": {
							"mode": "raw",
							"raw": "{\n    \"gender\": \"male\",\n    \"username\": \"bob\",\n    \"knownAs\": \"Bob\",\n    \"dateOfBirth\": \"1985-01-23\",\n    \"city\": \"London\",\n    \"country\": \"UK\",\n    \"password\": \"Pa$$w0rd\"\n}",
							"options": {
								"raw": {
									"language": "json"
								}
							}
						},
						"url": {
							"raw": "https://localhost:5001/api/account/register",
							"protocol": "https",
							"host": [
								"localhost"
							],
							"port": "5001",
							"path": [
								"api",
								"account",
								"register"
							]
						}
					},
					"response": []
				},
				{
					"name": "Login as admin and save token to env",
					"event": [
						{
							"listen": "test",
							"script": {
								"id": "09f6d653-724b-4b24-812f-d4f638cea2f8",
								"exec": [
									"const user = pm.response.json();",
									"",
									"pm.test(\"Has properties\", function () {",
									"    pm.expect(user).to.have.property('username');",
									"    pm.expect(user).to.have.property('token');",
									"});",
									"",
									"if (pm.test(\"Has properties\")) {",
									"    pm.globals.set('admin_token', user.token);",
									"}"
								],
								"type": "text/javascript"
							}
						}
					],
					"request": {
						"method": "POST",
						"header": [],
						"body": {
							"mode": "raw",
							"raw": "{\n\t\"username\": \"admin\",\n\t\"password\": \"Pa$$w0rd\"\n}",
							"options": {
								"raw": {
									"language": "json"
								}
							}
						},
						"url": {
							"raw": "{{url}}/api/account/login",
							"host": [
								"{{url}}"
							],
							"path": [
								"api",
								"account",
								"login"
							]
						}
					},
					"response": []
				},
				{
					"name": "Get Users as Lisa",
					"request": {
						"method": "GET",
						"header": [
							{
								"key": "Authorization",
								"type": "text",
								"value": "Bearer {{token}}"
							}
						],
						"url": {
							"raw": "{{url}}/api/users",
							"host": [
								"{{url}}"
							],
							"path": [
								"api",
								"users"
							]
						}
					},
					"response": []
				},
				{
					"name": "Get Users as Admin",
					"request": {
						"method": "GET",
						"header": [
							{
								"key": "Authorization",
								"type": "text",
								"value": "Bearer {{admin_token}}"
							}
						],
						"url": {
							"raw": "{{url}}/api/users",
							"host": [
								"{{url}}"
							],
							"path": [
								"api",
								"users"
							]
						}
					},
					"response": []
				},
				{
					"name": "Get User by username as Lisa",
					"request": {
						"method": "GET",
						"header": [
							{
								"key": "Authorization",
								"type": "text",
								"value": "Bearer {{token}}"
							}
						],
						"url": {
							"raw": "{{url}}/api/users/lisa",
							"host": [
								"{{url}}"
							],
							"path": [
								"api",
								"users",
								"lisa"
							]
						}
					},
					"response": []
				},
				{
					"name": "Get User by username as Admin",
					"request": {
						"method": "GET",
						"header": [
							{
								"key": "Authorization",
								"type": "text",
								"value": "Bearer {{admin_token}}"
							}
						],
						"url": {
							"raw": "{{url}}/api/users/lisa",
							"host": [
								"{{url}}"
							],
							"path": [
								"api",
								"users",
								"lisa"
							]
						}
					},
					"response": []
				},
				{
					"name": "Get Roles as admin",
					"request": {
						"method": "GET",
						"header": [
							{
								"key": "Authorization",
								"type": "text",
								"value": "Bearer {{admin_token}}"
							}
						],
						"url": {
							"raw": "{{url}}/api/admin/users-with-roles",
							"host": [
								"{{url}}"
							],
							"path": [
								"api",
								"admin",
								"users-with-roles"
							]
						}
					},
					"response": []
				},
				{
					"name": "Get Roles as lisa",
					"request": {
						"method": "GET",
						"header": [
							{
								"key": "Authorization",
								"type": "text",
								"value": "Bearer {{token}}"
							}
						],
						"url": {
							"raw": "{{url}}/api/admin/users-with-roles",
							"host": [
								"{{url}}"
							],
							"path": [
								"api",
								"admin",
								"users-with-roles"
							]
						}
					},
					"response": []
				},
				{
					"name": "Get Photos to moderate as admin",
					"request": {
						"method": "GET",
						"header": [
							{
								"key": "Authorization",
								"type": "text",
								"value": "Bearer {{admin_token}}"
							}
						],
						"url": {
							"raw": "{{url}}/api/admin/photos-to-moderate",
							"host": [
								"{{url}}"
							],
							"path": [
								"api",
								"admin",
								"photos-to-moderate"
							]
						}
					},
					"response": []
				},
				{
					"name": "Get Photos to moderate as lisa",
					"request": {
						"method": "GET",
						"header": [
							{
								"key": "Authorization",
								"type": "text",
								"value": "Bearer {{token}}"
							}
						],
						"url": {
							"raw": "{{url}}/api/admin/photos-to-moderate",
							"host": [
								"{{url}}"
							],
							"path": [
								"api",
								"admin",
								"photos-to-moderate"
							]
						}
					},
					"response": []
				},
				{
					"name": "Edit Roles for Lisa",
					"request": {
						"method": "POST",
						"header": [
							{
								"key": "Authorization",
								"type": "text",
								"value": "Bearer {{admin_token}}"
							}
						],
						"url": {
							"raw": "{{url}}/api/admin/edit-roles/lisa?roles=Moderator,Member",
							"host": [
								"{{url}}"
							],
							"path": [
								"api",
								"admin",
								"edit-roles",
								"lisa"
							],
							"query": [
								{
									"key": "roles",
									"value": "Moderator,Member"
								}
							]
						}
					},
					"response": []
				}
			],
			"protocolProfileBehavior": {}
		},
		{
			"name": "Section 18",
			"item": [
				{
					"name": "Login as lisa and save token to env",
					"event": [
						{
							"listen": "test",
							"script": {
								"id": "d3d5b6a6-42b7-4e90-abb6-d981b77fc3cf",
								"exec": [
									"const user = pm.response.json();",
									"",
									"pm.test(\"Has properties\", function () {",
									"    pm.expect(user).to.have.property('username');",
									"    pm.expect(user).to.have.property('token');",
									"});",
									"",
									"if (pm.test(\"Has properties\")) {",
									"    pm.globals.set('token', user.token);",
									"}"
								],
								"type": "text/javascript"
							}
						}
					],
					"request": {
						"method": "POST",
						"header": [],
						"body": {
							"mode": "raw",
							"raw": "{\n\t\"username\": \"lisa\",\n\t\"password\": \"Pa$$w0rd\"\n}",
							"options": {
								"raw": {
									"language": "json"
								}
							}
						},
						"url": {
							"raw": "{{url}}/api/account/login",
							"host": [
								"{{url}}"
							],
							"path": [
								"api",
								"account",
								"login"
							]
						}
					},
					"response": []
				},
				{
					"name": "Login as todd and save token to env",
					"event": [
						{
							"listen": "test",
							"script": {
								"id": "11d3fb9d-a69b-46cf-b693-c4375ff2bb1d",
								"exec": [
									"const user = pm.response.json();",
									"",
									"pm.test(\"Has properties\", function () {",
									"    pm.expect(user).to.have.property('username');",
									"    pm.expect(user).to.have.property('token');",
									"});",
									"",
									"if (pm.test(\"Has properties\")) {",
									"    pm.globals.set('todd_token', user.token);",
									"}"
								],
								"type": "text/javascript"
							}
						}
					],
					"request": {
						"method": "POST",
						"header": [],
						"body": {
							"mode": "raw",
							"raw": "{\n\t\"username\": \"todd\",\n\t\"password\": \"Pa$$w0rd\"\n}",
							"options": {
								"raw": {
									"language": "json"
								}
							}
						},
						"url": {
							"raw": "{{url}}/api/account/login",
							"host": [
								"{{url}}"
							],
							"path": [
								"api",
								"account",
								"login"
							]
						}
					},
					"response": []
				},
				{
					"name": "Login as admin and save token to env Copy",
					"event": [
						{
							"listen": "test",
							"script": {
								"id": "2c6e1c36-4762-43f8-bb80-e357da051fa8",
								"exec": [
									"const user = pm.response.json();",
									"",
									"pm.test(\"Has properties\", function () {",
									"    pm.expect(user).to.have.property('username');",
									"    pm.expect(user).to.have.property('token');",
									"});",
									"",
									"if (pm.test(\"Has properties\")) {",
									"    pm.globals.set('admin_token', user.token);",
									"}"
								],
								"type": "text/javascript"
							}
						}
					],
					"request": {
						"method": "POST",
						"header": [],
						"body": {
							"mode": "raw",
							"raw": "{\n\t\"username\": \"admin\",\n\t\"password\": \"Pa$$w0rd\"\n}",
							"options": {
								"raw": {
									"language": "json"
								}
							}
						},
						"url": {
							"raw": "{{url}}/api/account/login",
							"host": [
								"{{url}}"
							],
							"path": [
								"api",
								"account",
								"login"
							]
						}
					},
					"response": []
				},
				{
					"name": "Add photo for user (add 2 photos here)",
					"request": {
						"method": "POST",
						"header": [
							{
								"key": "Authorization",
								"type": "text",
								"value": "Bearer {{token}}"
							}
						],
						"body": {
							"mode": "formdata",
							"formdata": [
								{
									"key": "File",
									"type": "file",
									"src": "/Users/neil/Desktop/APIPhotos/wonder2.jpg"
								}
							],
							"options": {
								"formdata": {}
							}
						},
						"url": {
							"raw": "{{url}}/api/users/add-photo",
							"host": [
								"{{url}}"
							],
							"path": [
								"api",
								"users",
								"add-photo"
							]
						}
					},
					"response": []
				},
				{
					"name": "Get Photos to moderate as admin",
					"request": {
						"method": "GET",
						"header": [
							{
								"key": "Authorization",
								"type": "text",
								"value": "Bearer {{admin_token}}"
							}
						],
						"url": {
							"raw": "{{url}}/api/admin/photos-to-moderate",
							"host": [
								"{{url}}"
							],
							"path": [
								"api",
								"admin",
								"photos-to-moderate"
							]
						}
					},
					"response": []
				},
				{
					"name": "Get User by username as lisa (get own profile - should see unapproved photo)",
					"request": {
						"method": "GET",
						"header": [
							{
								"key": "Authorization",
								"type": "text",
								"value": "Bearer {{token}}"
							}
						],
						"url": {
							"raw": "{{url}}/api/users/lisa",
							"host": [
								"{{url}}"
							],
							"path": [
								"api",
								"users",
								"lisa"
							]
						}
					},
					"response": []
				},
				{
					"name": "Get User by username as todd (get lisas profile - should not see unapproved photo)",
					"request": {
						"method": "GET",
						"header": [
							{
								"key": "Authorization",
								"type": "text",
								"value": "Bearer {{todd_token}}"
							}
						],
						"url": {
							"raw": "{{url}}/api/users/lisa",
							"host": [
								"{{url}}"
							],
							"path": [
								"api",
								"users",
								"lisa"
							]
						}
					},
					"response": []
				},
				{
					"name": "Approve photo (need to add the id of added photo)",
					"request": {
						"method": "POST",
						"header": [
							{
								"key": "Authorization",
								"value": "Bearer {{admin_token}}",
								"type": "text"
							}
						],
						"url": {
							"raw": "{{url}}/api/admin/approve-photo/11",
							"host": [
								"{{url}}"
							],
							"path": [
								"api",
								"admin",
								"approve-photo",
								"11"
							]
						}
					},
					"response": []
				},
				{
					"name": "Reject photo (need to add the id of added photo)",
					"request": {
						"method": "POST",
						"header": [
							{
								"key": "Authorization",
								"value": "Bearer {{admin_token}}",
								"type": "text"
							}
						],
						"url": {
							"raw": "{{url}}/api/admin/reject-photo/12",
							"host": [
								"{{url}}"
							],
							"path": [
								"api",
								"admin",
								"reject-photo",
								"12"
							]
						}
					},
					"response": []
				},
				{
					"name": "Register User Bob and save token as bob_token",
					"event": [
						{
							"listen": "test",
							"script": {
								"id": "4487f46e-31e7-4519-990f-927b008bd732",
								"exec": [
									"const user = pm.response.json();",
									"",
									"pm.test(\"Has properties\", function () {",
									"    pm.expect(user).to.have.property('username');",
									"    pm.expect(user).to.have.property('token');",
									"});",
									"",
									"if (pm.test(\"Has properties\")) {",
									"    pm.globals.set('bob_token', user.token);",
									"}"
								],
								"type": "text/javascript"
							}
						}
					],
					"request": {
						"method": "POST",
						"header": [],
						"body": {
							"mode": "raw",
							"raw": "{\n    \"gender\": \"male\",\n    \"username\": \"bob\",\n    \"knownAs\": \"Bob\",\n    \"dateOfBirth\": \"1985-01-23\",\n    \"city\": \"London\",\n    \"country\": \"UK\",\n    \"password\": \"Pa$$w0rd\"\n}",
							"options": {
								"raw": {
									"language": "json"
								}
							}
						},
						"url": {
							"raw": "{{url}}/api/account/register",
							"host": [
								"{{url}}"
							],
							"path": [
								"api",
								"account",
								"register"
							]
						}
					},
					"response": []
				},
				{
					"name": "Add photo for bob (add 2 photos) - should both be in unapproved state",
					"request": {
						"method": "POST",
						"header": [
							{
								"key": "Authorization",
								"type": "text",
								"value": "Bearer {{bob_token}}"
							}
						],
						"body": {
							"mode": "formdata",
							"formdata": [
								{
									"key": "File",
									"type": "file",
									"src": "/Users/neil/Desktop/APIPhotos/bat2.jpg"
								}
							],
							"options": {
								"formdata": {}
							}
						},
						"url": {
							"raw": "{{url}}/api/users/add-photo",
							"host": [
								"{{url}}"
							],
							"path": [
								"api",
								"users",
								"add-photo"
							]
						}
					},
					"response": []
				},
				{
					"name": "Approve photo for bob  (need to add the id of unapproved photo) - ensure it gets set as the main photo",
					"request": {
						"method": "POST",
						"header": [
							{
								"key": "Authorization",
								"value": "Bearer {{admin_token}}",
								"type": "text"
							}
						],
						"url": {
							"raw": "{{url}}/api/admin/approve-photo/13",
							"host": [
								"{{url}}"
							],
							"path": [
								"api",
								"admin",
								"approve-photo",
								"13"
							]
						}
					},
					"response": []
				},
				{
					"name": "Get User by username as bob - should see approved photo set to main",
					"request": {
						"method": "GET",
						"header": [
							{
								"key": "Authorization",
								"type": "text",
								"value": "Bearer {{bob_token}}"
							}
						],
						"url": {
							"raw": "{{url}}/api/users/bob",
							"host": [
								"{{url}}"
							],
							"path": [
								"api",
								"users",
								"bob"
							]
						}
					},
					"response": []
				}
			],
			"protocolProfileBehavior": {}
		}
	],
	"event": [
		{
			"listen": "prerequest",
			"script": {
				"id": "7bf07533-0d4e-4147-9342-b73bd8fd2262",
				"type": "text/javascript",
				"exec": [
					""
				]
			}
		},
		{
			"listen": "test",
			"script": {
				"id": "9cbe3020-3809-4707-817d-4a381b8351aa",
				"type": "text/javascript",
				"exec": [
					""
				]
			}
		}
	],
	"variable": [
		{
			"id": "0bac63c5-860e-41d4-828e-102165688cfa",
			"key": "url",
			"value": "https://localhost:5001"
		}
	],
	"protocolProfileBehavior": {}
}